{"cameraMode":{"drawMode":0,"name":"Shaded","section":"Shading Mode"},"sceneLighting":false,"audioPlay":false,"sceneViewState":{"showFog":true,"showMaterialUpdate":false,"showSkybox":true,"showFlares":true,"showImageEffects":true,"showParticleSystems":true},"in2DMode":false,"pivot":{"x":-0.7298955321311951,"y":0.15881861746311189,"z":0.7089047431945801},"rotation":{"x":0.008689955808222294,"y":-0.006902451626956463,"z":-0.0000599387421971187,"w":-0.999938428401947},"size":10.94519329071045,"orthographic":false}