{"cameraMode":{"drawMode":0,"name":"Shaded","section":"Shading Mode"},"sceneLighting":true,"audioPlay":false,"sceneViewState":{"showFog":true,"showMaterialUpdate":false,"showSkybox":true,"showFlares":true,"showImageEffects":true,"showParticleSystems":true},"in2DMode":false,"pivot":{"x":39.15023422241211,"y":21.924560546875,"z":13.31942367553711},"rotation":{"x":-0.05128408968448639,"y":0.011082423850893975,"z":-0.0005690890247933567,"w":-0.998622477054596},"size":74.8848876953125,"orthographic":false}