{"cameraMode":{"drawMode":0,"name":"Shaded","section":"Shading Mode"},"sceneLighting":false,"audioPlay":false,"sceneViewState":{"showFog":true,"showMaterialUpdate":false,"showSkybox":true,"showFlares":true,"showImageEffects":true,"showParticleSystems":true},"in2DMode":false,"pivot":{"x":17.584224700927736,"y":16.915111541748048,"z":1.0004634857177735},"rotation":{"x":-0.034801945090293887,"y":0.006593185476958752,"z":-0.00022955279564484954,"w":-0.9993724822998047},"size":22.25971794128418,"orthographic":false}