{"cameraMode":{"drawMode":0,"name":"Shaded","section":"Shading Mode"},"sceneLighting":false,"audioPlay":false,"sceneViewState":{"showFog":true,"showMaterialUpdate":false,"showSkybox":true,"showFlares":true,"showImageEffects":true,"showParticleSystems":true},"in2DMode":false,"pivot":{"x":0.04000067710876465,"y":4.747703552246094,"z":-10.018980026245118},"rotation":{"x":-0.03329316899180412,"y":-0.02488631196320057,"z":0.0008292973507195711,"w":-0.9991353750228882},"size":3.852123975753784,"orthographic":false}