{"cameraMode":{"drawMode":0,"name":"Shaded","section":"Shading Mode"},"sceneLighting":false,"audioPlay":false,"sceneViewState":{"showFog":true,"showMaterialUpdate":false,"showSkybox":true,"showFlares":true,"showImageEffects":true,"showParticleSystems":true},"in2DMode":false,"pivot":{"x":373.2738037109375,"y":184.82037353515626,"z":-1.206610918045044},"rotation":{"x":0.001190347014926374,"y":-0.00090271036606282,"z":-0.0000010399090797363897,"w":-0.999998927116394},"size":14.074584007263184,"orthographic":false}