{"cameraMode":{"drawMode":0,"name":"Shaded","section":"Shading Mode"},"sceneLighting":false,"audioPlay":false,"sceneViewState":{"showFog":true,"showMaterialUpdate":false,"showSkybox":true,"showFlares":true,"showImageEffects":true,"showParticleSystems":true},"in2DMode":false,"pivot":{"x":-0.21615716814994813,"y":0.11339743435382843,"z":-0.35007041692733767},"rotation":{"x":-0.06445253640413284,"y":0.9275078773498535,"z":-0.18928009271621705,"w":-0.31582918763160708},"size":3.7947981357574465,"orthographic":false}