{"cameraMode":{"drawMode":0,"name":"Shaded","section":"Shading Mode"},"sceneLighting":false,"audioPlay":false,"sceneViewState":{"showFog":true,"showMaterialUpdate":false,"showSkybox":true,"showFlares":true,"showImageEffects":true,"showParticleSystems":true},"in2DMode":false,"pivot":{"x":9.160572052001954,"y":15.579170227050782,"z":1.0514254570007325},"rotation":{"x":-0.022807499393820764,"y":-0.006900890730321407,"z":0.000157426722580567,"w":-0.99971604347229},"size":7.997198581695557,"orthographic":false}