{"cameraMode":{"drawMode":0,"name":"Shaded","section":"Shading Mode"},"sceneLighting":false,"audioPlay":false,"sceneViewState":{"showFog":true,"showMaterialUpdate":false,"showSkybox":true,"showFlares":true,"showImageEffects":true,"showParticleSystems":true},"in2DMode":false,"pivot":{"x":2.260000705718994,"y":3.6852993965148927,"z":-10.004701614379883},"rotation":{"x":0.037165865302085879,"y":0.029072986915707589,"z":0.0010833506239578128,"w":-0.9988855123519898},"size":2.0990700721740724,"orthographic":false}