{"cameraMode":{"drawMode":0,"name":"Shaded","section":"Shading Mode"},"sceneLighting":false,"audioPlay":false,"sceneViewState":{"showFog":true,"showMaterialUpdate":false,"showSkybox":true,"showFlares":true,"showImageEffects":true,"showParticleSystems":true},"in2DMode":false,"pivot":{"x":-2.945627450942993,"y":-0.1008758395910263,"z":0.0015473365783691407},"rotation":{"x":-0.12448293715715409,"y":-0.006849000230431557,"z":0.000859315856359899,"w":-0.9921978116035461},"size":2.8578836917877199,"orthographic":false}