{"cameraMode":{"drawMode":0,"name":"Shaded","section":"Shading Mode"},"sceneLighting":true,"audioPlay":false,"sceneViewState":{"showFog":true,"showMaterialUpdate":false,"showSkybox":true,"showFlares":true,"showImageEffects":true,"showParticleSystems":true},"in2DMode":false,"pivot":{"x":4.899999618530273,"y":22.778728485107423,"z":-15.000499725341797},"rotation":{"x":-0.17637403309345246,"y":0.009446624666452408,"z":-0.0016927368706092239,"w":-0.9842764139175415},"size":16.162267684936525,"orthographic":false}