{"cameraMode":{"drawMode":0,"name":"Shaded","section":"Shading Mode"},"sceneLighting":false,"audioPlay":false,"sceneViewState":{"showFog":true,"showMaterialUpdate":false,"showSkybox":true,"showFlares":true,"showImageEffects":true,"showParticleSystems":true},"in2DMode":false,"pivot":{"x":-0.2066393494606018,"y":-0.5732594728469849,"z":1.6257630586624146},"rotation":{"x":-0.1395479142665863,"y":0.13383504748344422,"z":-0.019038917496800424,"w":-0.9809445142745972},"size":3.9930450916290285,"orthographic":false}