{"cameraMode":{"drawMode":0,"name":"Shaded","section":"Shading Mode"},"sceneLighting":false,"audioPlay":false,"sceneViewState":{"showFog":true,"showMaterialUpdate":false,"showSkybox":true,"showFlares":true,"showImageEffects":true,"showParticleSystems":true},"in2DMode":false,"pivot":{"x":-4.15573787689209,"y":-3.3608620166778566,"z":3.0906949043273927},"rotation":{"x":0.058492448180913928,"y":-0.21978461742401124,"z":0.013202943839132786,"w":0.9737038016319275},"size":19.41028594970703,"orthographic":false}