{"cameraMode":{"drawMode":0,"name":"Shaded","section":"Shading Mode"},"sceneLighting":false,"audioPlay":false,"sceneViewState":{"showFog":true,"showMaterialUpdate":false,"showSkybox":true,"showFlares":true,"showImageEffects":true,"showParticleSystems":true},"in2DMode":false,"pivot":{"x":42.07212448120117,"y":13.862048149108887,"z":20.280353546142579},"rotation":{"x":-0.0422971248626709,"y":0.003594033420085907,"z":-0.00015216445899568498,"w":-0.9990985989570618},"size":4.104074954986572,"orthographic":false}