{"cameraMode":{"drawMode":0,"name":"Shaded","section":"Shading Mode"},"sceneLighting":false,"audioPlay":false,"sceneViewState":{"showFog":true,"showMaterialUpdate":false,"showSkybox":true,"showFlares":true,"showImageEffects":true,"showParticleSystems":true},"in2DMode":false,"pivot":{"x":-2.010540008544922,"y":0.4556944966316223,"z":-0.16354018449783326},"rotation":{"x":-0.17187641561031342,"y":0.25307419896125796,"z":-0.04574073478579521,"w":-0.9509573578834534},"size":4.4733076095581059,"orthographic":false}