{"cameraMode":{"drawMode":0,"name":"Shaded","section":"Shading Mode"},"sceneLighting":false,"audioPlay":false,"sceneViewState":{"showFog":true,"showMaterialUpdate":false,"showSkybox":true,"showFlares":true,"showImageEffects":true,"showParticleSystems":true},"in2DMode":false,"pivot":{"x":-0.2570469081401825,"y":-0.19386571645736695,"z":-0.5555316209793091},"rotation":{"x":-0.26335254311561587,"y":0.2321448028087616,"z":-0.0654517188668251,"w":-0.9340612292289734},"size":3.873307466506958,"orthographic":false}