{"cameraMode":{"drawMode":0,"name":"Shaded","section":"Shading Mode"},"sceneLighting":false,"audioPlay":false,"sceneViewState":{"showFog":true,"showMaterialUpdate":false,"showSkybox":true,"showFlares":true,"showImageEffects":true,"showParticleSystems":true},"in2DMode":false,"pivot":{"x":375.3877258300781,"y":185.68821716308595,"z":-1.206610918045044},"rotation":{"x":0.007189583498984575,"y":-0.01290205679833889,"z":-0.0000911494207684882,"w":-0.999890923500061},"size":32.67933654785156,"orthographic":false}