{"cameraMode":{"drawMode":0,"name":"Shaded","section":"Shading Mode"},"sceneLighting":false,"audioPlay":false,"sceneViewState":{"showFog":true,"showMaterialUpdate":false,"showSkybox":true,"showFlares":true,"showImageEffects":true,"showParticleSystems":true},"in2DMode":false,"pivot":{"x":2.260000705718994,"y":-1.1720001697540284,"z":5.0},"rotation":{"x":-0.03480150178074837,"y":-0.008397446013987065,"z":0.0002940536942332983,"w":-0.9993589520454407},"size":6.706058502197266,"orthographic":false}