{"cameraMode":{"drawMode":0,"name":"Shaded","section":"Shading Mode"},"sceneLighting":false,"audioPlay":false,"sceneViewState":{"showFog":true,"showMaterialUpdate":false,"showSkybox":true,"showFlares":true,"showImageEffects":true,"showParticleSystems":true},"in2DMode":false,"pivot":{"x":0.10904411971569061,"y":-0.34410977363586428,"z":-0.15408849716186524},"rotation":{"x":-0.24090062081813813,"y":-0.011066666804254055,"z":0.002747069112956524,"w":-0.9704828262329102},"size":13.107705116271973,"orthographic":false}