{"cameraMode":{"drawMode":0,"name":"Shaded","section":"Shading Mode"},"sceneLighting":false,"audioPlay":false,"sceneViewState":{"showFog":true,"showMaterialUpdate":false,"showSkybox":true,"showFlares":true,"showImageEffects":true,"showParticleSystems":true},"in2DMode":false,"pivot":{"x":-7.384828567504883,"y":3.885758638381958,"z":2.5220489501953127},"rotation":{"x":0.058492448180913928,"y":-0.21978461742401124,"z":0.013202943839132786,"w":0.9737038016319275},"size":29.48570442199707,"orthographic":false}