{"cameraMode":{"drawMode":0,"name":"Shaded","section":"Shading Mode"},"sceneLighting":true,"audioPlay":false,"sceneViewState":{"showFog":true,"showMaterialUpdate":false,"showSkybox":true,"showFlares":true,"showImageEffects":true,"showParticleSystems":true},"in2DMode":false,"pivot":{"x":48.09745407104492,"y":26.758813858032228,"z":12.297073364257813},"rotation":{"x":0.022186705842614175,"y":-0.012899355962872506,"z":-0.0002863038971554488,"w":-0.9996705651283264},"size":71.2399673461914,"orthographic":false}