{"cameraMode":{"drawMode":0,"name":"Shaded","section":"Shading Mode"},"sceneLighting":false,"audioPlay":false,"sceneViewState":{"showFog":true,"showMaterialUpdate":false,"showSkybox":true,"showFlares":true,"showImageEffects":true,"showParticleSystems":true},"in2DMode":false,"pivot":{"x":-0.011690527200698853,"y":7.299999713897705,"z":0.9772179126739502},"rotation":{"x":-0.09015964716672898,"y":0.02449439838528633,"z":-0.002218130975961685,"w":-0.9956236481666565},"size":33.0449333190918,"orthographic":false}