{"cameraMode":{"drawMode":0,"name":"Shaded","section":"Shading Mode"},"sceneLighting":false,"audioPlay":false,"sceneViewState":{"showFog":true,"showMaterialUpdate":false,"showSkybox":true,"showFlares":true,"showImageEffects":true,"showParticleSystems":true},"in2DMode":false,"pivot":{"x":-0.019524216651916505,"y":-0.21180343627929688,"z":0.24685201048851014},"rotation":{"x":0.007668526377528906,"y":0.95448237657547,"z":-0.2971496880054474,"w":0.02463202364742756},"size":4.340234756469727,"orthographic":false}