{"cameraMode":{"drawMode":0,"name":"Shaded","section":"Shading Mode"},"sceneLighting":false,"audioPlay":false,"sceneViewState":{"showFog":true,"showMaterialUpdate":false,"showSkybox":true,"showFlares":true,"showImageEffects":true,"showParticleSystems":true},"in2DMode":false,"pivot":{"x":-0.02550649642944336,"y":0.05905899405479431,"z":-0.016123533248901368},"rotation":{"x":-0.01929575949907303,"y":0.9806248545646668,"z":-0.14400571584701539,"w":-0.13139626383781434},"size":5.4961161613464359,"orthographic":false}