{"cameraMode":{"drawMode":0,"name":"Shaded","section":"Shading Mode"},"sceneLighting":false,"audioPlay":false,"sceneViewState":{"showFog":true,"showMaterialUpdate":false,"showSkybox":true,"showFlares":true,"showImageEffects":true,"showParticleSystems":true},"in2DMode":false,"pivot":{"x":-0.022335410118103029,"y":0.063629150390625,"z":0.08685201406478882},"rotation":{"x":0.000153029162902385,"y":0.9996846914291382,"z":-0.024305986240506173,"w":0.006299132015556097},"size":7.001169681549072,"orthographic":false}