{"cameraMode":{"drawMode":0,"name":"Shaded","section":"Shading Mode"},"sceneLighting":false,"audioPlay":false,"sceneViewState":{"showFog":true,"showMaterialUpdate":false,"showSkybox":true,"showFlares":true,"showImageEffects":true,"showParticleSystems":true},"in2DMode":false,"pivot":{"x":-0.02550649642944336,"y":0.05905899405479431,"z":-0.016123533248901368},"rotation":{"x":1.5904572592262412e-7,"y":0.9999998807907105,"z":-0.00030915444949641824,"w":0.00030090531799942255},"size":5.4961161613464359,"orthographic":false}