{"cameraMode":{"drawMode":0,"name":"Shaded","section":"Shading Mode"},"sceneLighting":true,"audioPlay":false,"sceneViewState":{"showFog":true,"showMaterialUpdate":false,"showSkybox":true,"showFlares":true,"showImageEffects":true,"showParticleSystems":true},"in2DMode":false,"pivot":{"x":7.804083824157715,"y":3.005173683166504,"z":-5.213972091674805},"rotation":{"x":-0.008079689927399159,"y":0.9897027015686035,"z":-0.1286962479352951,"w":-0.0621347576379776},"size":31.23238754272461,"orthographic":false}