{"cameraMode":{"drawMode":0,"name":"Shaded","section":"Shading Mode"},"sceneLighting":false,"audioPlay":false,"sceneViewState":{"showFog":true,"showMaterialUpdate":false,"showSkybox":true,"showFlares":true,"showImageEffects":true,"showParticleSystems":true},"in2DMode":false,"pivot":{"x":-0.3299119472503662,"y":0.3713991641998291,"z":-1.074372410774231},"rotation":{"x":-0.19831521809101106,"y":0.040268316864967349,"z":-0.00815480388700962,"w":-0.9792768359184265},"size":4.041658401489258,"orthographic":false}