{"cameraMode":{"drawMode":0,"name":"Shaded","section":"Shading Mode"},"sceneLighting":false,"audioPlay":false,"sceneViewState":{"showFog":true,"showMaterialUpdate":false,"showSkybox":true,"showFlares":true,"showImageEffects":true,"showParticleSystems":true},"in2DMode":false,"pivot":{"x":15.212818145751954,"y":2.6823971271514894,"z":-4.3626508712768559},"rotation":{"x":0.006578720640391111,"y":-0.6532513499259949,"z":-0.005677556619048119,"w":-0.7570912837982178},"size":7.979339122772217,"orthographic":false}