{"cameraMode":{"drawMode":0,"name":"Shaded","section":"Shading Mode"},"sceneLighting":false,"audioPlay":false,"sceneViewState":{"showFog":true,"showMaterialUpdate":false,"showSkybox":true,"showFlares":true,"showImageEffects":true,"showParticleSystems":true},"in2DMode":false,"pivot":{"x":5.274999618530273,"y":0.2800000309944153,"z":0.0},"rotation":{"x":-0.05257590860128403,"y":0.08885560184717179,"z":-0.004696110729128122,"w":-0.9946448802947998},"size":15.764400482177735,"orthographic":false}