{"cameraMode":{"drawMode":0,"name":"Shaded","section":"Shading Mode"},"sceneLighting":false,"audioPlay":false,"sceneViewState":{"showFog":true,"showMaterialUpdate":false,"showSkybox":true,"showFlares":true,"showImageEffects":true,"showParticleSystems":true},"in2DMode":false,"pivot":{"x":43.25083923339844,"y":12.978998184204102,"z":-9.459632873535157},"rotation":{"x":-0.005080691073089838,"y":-0.9895085096359253,"z":0.03594471514225006,"w":-0.139839768409729},"size":2.8578836917877199,"orthographic":false}