{"cameraMode":{"drawMode":0,"name":"Shaded","section":"Shading Mode"},"sceneLighting":false,"audioPlay":false,"sceneViewState":{"showFog":true,"showMaterialUpdate":false,"showSkybox":true,"showFlares":true,"showImageEffects":true,"showParticleSystems":true},"in2DMode":false,"pivot":{"x":5.327000617980957,"y":0.2800000309944153,"z":0.0},"rotation":{"x":-0.18813581764698029,"y":-0.021509474143385888,"z":0.004122031386941671,"w":-0.981898844242096},"size":17.903152465820314,"orthographic":false}