{"cameraMode":{"drawMode":0,"name":"Shaded","section":"Shading Mode"},"sceneLighting":false,"audioPlay":false,"sceneViewState":{"showFog":true,"showMaterialUpdate":false,"showSkybox":true,"showFlares":true,"showImageEffects":true,"showParticleSystems":true},"in2DMode":false,"pivot":{"x":43.707237243652347,"y":14.52736759185791,"z":-5.988749980926514},"rotation":{"x":-0.005080691073089838,"y":-0.9895085096359253,"z":0.03594471514225006,"w":-0.139839768409729},"size":11.379143714904786,"orthographic":false}