{"cameraMode":{"drawMode":0,"name":"Shaded","section":"Shading Mode"},"sceneLighting":false,"audioPlay":false,"sceneViewState":{"showFog":true,"showMaterialUpdate":false,"showSkybox":true,"showFlares":true,"showImageEffects":true,"showParticleSystems":true},"in2DMode":false,"pivot":{"x":0.0,"y":-0.20058822631835938,"z":0.0299527645111084},"rotation":{"x":-0.32589077949523928,"y":0.1486205905675888,"z":-0.05195470154285431,"w":-0.9322059154510498},"size":22.327655792236329,"orthographic":false}