{"cameraMode":{"drawMode":0,"name":"Shaded","section":"Shading Mode"},"sceneLighting":true,"audioPlay":false,"sceneViewState":{"showFog":true,"showMaterialUpdate":false,"showSkybox":true,"showFlares":true,"showImageEffects":true,"showParticleSystems":true},"in2DMode":false,"pivot":{"x":61.67005157470703,"y":1.4272842407226563,"z":-0.008863449096679688},"rotation":{"x":0.0056898933835327629,"y":-0.009902525693178177,"z":-0.00005575361865339801,"w":-0.9999347925186157},"size":32.94194030761719,"orthographic":false}