{"cameraMode":{"drawMode":0,"name":"Shaded","section":"Shading Mode"},"sceneLighting":false,"audioPlay":false,"sceneViewState":{"showFog":true,"showMaterialUpdate":false,"showSkybox":true,"showFlares":true,"showImageEffects":true,"showParticleSystems":true},"in2DMode":false,"pivot":{"x":1.7410006523132325,"y":4.469228744506836,"z":-10.015237808227539},"rotation":{"x":0.05666001886129379,"y":-0.0009011967340484262,"z":-0.000051070772315142676,"w":-0.9983931183815002},"size":6.286006450653076,"orthographic":false}