{"cameraMode":{"drawMode":0,"name":"Shaded","section":"Shading Mode"},"sceneLighting":false,"audioPlay":false,"sceneViewState":{"showFog":true,"showMaterialUpdate":false,"showSkybox":true,"showFlares":true,"showImageEffects":true,"showParticleSystems":true},"in2DMode":false,"pivot":{"x":17.584224700927736,"y":16.915111541748048,"z":1.0004634857177735},"rotation":{"x":0.05666001886129379,"y":-0.0009011967340484262,"z":-0.000051070772315142676,"w":-0.9983931183815002},"size":23.981828689575197,"orthographic":false}