{"cameraMode":{"drawMode":0,"name":"Shaded","section":"Shading Mode"},"sceneLighting":false,"audioPlay":false,"sceneViewState":{"showFog":true,"showMaterialUpdate":false,"showSkybox":true,"showFlares":true,"showImageEffects":true,"showParticleSystems":true},"in2DMode":false,"pivot":{"x":-2.230619430541992,"y":1.4436674118041993,"z":1.5605344772338868},"rotation":{"x":-0.08527921885251999,"y":0.8798422813415527,"z":-0.1726895421743393,"w":-0.43449217081069949},"size":22.0,"orthographic":false}