{"cameraMode":{"drawMode":0,"name":"Shaded","section":"Shading Mode"},"sceneLighting":false,"audioPlay":false,"sceneViewState":{"showFog":true,"showMaterialUpdate":false,"showSkybox":true,"showFlares":true,"showImageEffects":true,"showParticleSystems":true},"in2DMode":false,"pivot":{"x":15.212818145751954,"y":2.6823971271514894,"z":-4.3626508712768559},"rotation":{"x":-0.17550262808799745,"y":-0.09817305952310562,"z":0.017591774463653566,"w":-0.9794138669967651},"size":7.979339122772217,"orthographic":false}