{"cameraMode":{"drawMode":0,"name":"Shaded","section":"Shading Mode"},"sceneLighting":true,"audioPlay":false,"sceneViewState":{"showFog":true,"showMaterialUpdate":false,"showSkybox":true,"showFlares":true,"showImageEffects":true,"showParticleSystems":true},"in2DMode":false,"pivot":{"x":256.43853759765627,"y":144.0,"z":0.136962890625},"rotation":{"x":-0.23098595440387727,"y":0.14587661623954774,"z":-0.03505125269293785,"w":-0.9613204002380371},"size":171.90438842773438,"orthographic":false}