{"cameraMode":{"drawMode":0,"name":"Shaded","section":"Shading Mode"},"sceneLighting":true,"audioPlay":false,"sceneViewState":{"showFog":true,"showMaterialUpdate":false,"showSkybox":true,"showFlares":true,"showImageEffects":true,"showParticleSystems":true},"in2DMode":false,"pivot":{"x":46.78873062133789,"y":23.885814666748048,"z":3.0989856719970705},"rotation":{"x":-0.0482797846198082,"y":0.021570373326539995,"z":-0.0010428698733448983,"w":-0.998600423336029},"size":4.982577800750732,"orthographic":false}