{"cameraMode":{"drawMode":0,"name":"Shaded","section":"Shading Mode"},"sceneLighting":false,"audioPlay":false,"sceneViewState":{"showFog":true,"showMaterialUpdate":false,"showSkybox":true,"showFlares":true,"showImageEffects":true,"showParticleSystems":true},"in2DMode":false,"pivot":{"x":2.9448704719543459,"y":0.14052124321460725,"z":0.3947860598564148},"rotation":{"x":-0.007608617190271616,"y":-0.7102440595626831,"z":0.0076776654459536079,"w":-0.7038726210594177},"size":4.361089706420898,"orthographic":false}