{"cameraMode":{"drawMode":0,"name":"Shaded","section":"Shading Mode"},"sceneLighting":false,"audioPlay":false,"sceneViewState":{"showFog":true,"showMaterialUpdate":false,"showSkybox":true,"showFlares":true,"showImageEffects":true,"showParticleSystems":true},"in2DMode":false,"pivot":{"x":17.85582733154297,"y":13.497954368591309,"z":0.9251841902732849},"rotation":{"x":-0.010500036180019379,"y":-0.002999878255650401,"z":0.000031605730328010395,"w":-0.9999403953552246},"size":29.093900680541993,"orthographic":false}