{"cameraMode":{"drawMode":0,"name":"Shaded","section":"Shading Mode"},"sceneLighting":false,"audioPlay":false,"sceneViewState":{"showFog":true,"showMaterialUpdate":false,"showSkybox":true,"showFlares":true,"showImageEffects":true,"showParticleSystems":true},"in2DMode":false,"pivot":{"x":0.6653872728347778,"y":0.6219868659973145,"z":-1.278139591217041},"rotation":{"x":-0.01093212515115738,"y":0.9870454668998718,"z":-0.14041487872600556,"w":-0.07684729993343353},"size":5.199815273284912,"orthographic":false}