{"cameraMode":{"drawMode":0,"name":"Shaded","section":"Shading Mode"},"sceneLighting":true,"audioPlay":false,"sceneViewState":{"showFog":true,"showMaterialUpdate":false,"showSkybox":true,"showFlares":true,"showImageEffects":true,"showParticleSystems":true},"in2DMode":false,"pivot":{"x":4.097474098205566,"y":3.280282497406006,"z":-5.035944938659668},"rotation":{"x":-0.018842561170458795,"y":0.8726755976676941,"z":0.033780984580516818,"w":0.48676592111587527},"size":18.701169967651368,"orthographic":false}