{"cameraMode":{"drawMode":0,"name":"Shaded","section":"Shading Mode"},"sceneLighting":true,"audioPlay":false,"sceneViewState":{"showFog":true,"showMaterialUpdate":false,"showSkybox":true,"showFlares":true,"showImageEffects":true,"showParticleSystems":true},"in2DMode":false,"pivot":{"x":-1.0228228569030762,"y":24.605812072753908,"z":13.697185516357422},"rotation":{"x":0.0026881578378379347,"y":0.03958646208047867,"z":0.0001064354000845924,"w":-0.9992125630378723},"size":76.68592071533203,"orthographic":false}