{"cameraMode":{"drawMode":0,"name":"Shaded","section":"Shading Mode"},"sceneLighting":true,"audioPlay":false,"sceneViewState":{"showFog":true,"showMaterialUpdate":false,"showSkybox":true,"showFlares":true,"showImageEffects":true,"showParticleSystems":true},"in2DMode":false,"pivot":{"x":48.876686096191409,"y":21.313459396362306,"z":3.6141648292541506},"rotation":{"x":-0.012309334240853787,"y":0.003596976865082979,"z":-0.000044248048652661964,"w":-0.9999178051948547},"size":63.76085662841797,"orthographic":false}